Title and Author,Links
THE BEE STING by Paul Murray,"https://www.nytimes.com/interactive/2024/books/top-books-list.html#the-bee-sting-paul-murray:~:text=FICTION-,THE%20BEE%20STING,-by%20Paul%20Murray"
CHAIN GANG ALL STARS by Nana Kwame Adjei-Brenyah,https://www.nytimes.com/interactive/2024/books/top-books-list.html#the-bee-sting-paul-murray:~:text=CHAIN%20GANG%20ALL%20STARS
EASTBOUND by Maylis de Kerangal,"https://www.nytimes.com/interactive/2024/books/top-books-list.html#the-bee-sting-paul-murray:~:text=FICTION-,EASTBOUND,-by%20Maylis%20de"
THE FRAUD by Zadie Smith,"https://www.nytimes.com/interactive/2024/books/top-books-list.html#the-bee-sting-paul-murray:~:text=HISTORICAL%20FICTION-,THE%20FRAUD,-by%20Zadie%20Smith"
NORTH WOODS by Daniel Mason,"https://www.nytimes.com/interactive/2024/books/top-books-list.html#the-bee-sting-paul-murray:~:text=HISTORICAL%20FICTION-,NORTH%20WOODS,-by%20Daniel%20Mason"
THE BEST MINDS by Jonathan Rosen,"https://www.nytimes.com/interactive/2024/books/top-books-list.html#the-bee-sting-paul-murray:~:text=MEMOIR-,THE%20BEST%20MINDS,-by%20Jonathan%20Rosen"
BOTTOMS UP AND THE DEVIL LAUGHS by Kerry Howley,https://www.nytimes.com/interactive/2024/books/top-books-list.html#the-bee-sting-paul-murray:~:text=BOTTOMS%20UP%20AND%20THE%20DEVIL%20LAUGHS
FIRE WEATHER by John Vaillant,"https://www.nytimes.com/interactive/2024/books/top-books-list.html#the-bee-sting-paul-murray:~:text=NARRATIVE%20NONFICTION-,FIRE%20WEATHER,-by%20John%20Vaillant"
MASTER SLAVE HUSBAND WIFE by Ilyon Woo,https://www.nytimes.com/interactive/2024/books/top-books-list.html#the-bee-sting-paul-murray:~:text=MASTER%20SLAVE%20HUSBAND%20WIFE
SOME PEOPLE NEED KILLING by Patricia Evangelista,https://www.nytimes.com/interactive/2024/books/top-books-list.html#the-bee-sting-paul-murray:~:text=SOME%20PEOPLE%20NEED%20KILLING
THE CANDY HOUSE by Jennifer Egan,"https://www.nytimes.com/interactive/2024/books/top-books-list.html#the-candy-house-jennifer-egan:~:text=FICTION-,THE%20CANDY%20HOUSE,-by%20Jennifer%20Egan"
CHECKOUT 19 by Claire-Louise Bennett,"https://www.nytimes.com/interactive/2024/books/top-books-list.html#the-candy-house-jennifer-egan:~:text=FICTION-,CHECKOUT%2019,-by%20Claire%2DLouise"
DEMON COPPERHEAD by Barbara Kingsolver,"https://www.nytimes.com/interactive/2024/books/top-books-list.html#the-candy-house-jennifer-egan:~:text=FICTION-,DEMON%20COPPERHEAD,-by%20Barbara%20Kingsolver"
THE FURROWS by Namwali Serpell,"https://www.nytimes.com/interactive/2024/books/top-books-list.html#the-candy-house-jennifer-egan:~:text=FICTION-,THE%20FURROWS,-by%20Namwali%20Serpell"
TRUST by Hernan Diaz,"https://www.nytimes.com/interactive/2024/books/top-books-list.html#the-candy-house-jennifer-egan:~:text=HISTORICAL%20FICTION-,TRUST,-by%20Hernan%20Diaz"
AN IMMENSE WORLD by Ed Yong,"https://www.nytimes.com/interactive/2024/books/top-books-list.html#the-candy-house-jennifer-egan:~:text=SCIENCE-,AN%20IMMENSE%20WORLD,-by%20Ed%20Yong"
STAY TRUE by Hua Hsu,"https://www.nytimes.com/interactive/2024/books/top-books-list.html#the-candy-house-jennifer-egan:~:text=MEMOIR-,STAY%20TRUE,-by%20Hua%20Hsu"
STRANGERS TO OURSELVES by Rachel Aviv,https://www.nytimes.com/interactive/2024/books/top-books-list.html#the-candy-house-jennifer-egan:~:text=STRANGERS%20TO%20OURSELVES
UNDER THE SKIN by Linda Villarosa,"https://www.nytimes.com/interactive/2024/books/top-books-list.html#the-candy-house-jennifer-egan:~:text=SCIENCE-,UNDER%20THE%20SKIN,-by%20Linda%20Villarosa"
WE DON'T KNOW OURSELVES by Fintan O’Toole,https://www.nytimes.com/interactive/2024/books/top-books-list.html#the-candy-house-jennifer-egan:~:text=WE%20DON%27T%20KNOW%20OURSELVES
HOW BEAUTIFUL WE WERE by Imbolo Mbue,https://www.nytimes.com/interactive/2024/books/top-books-list.html#how-beautiful-we-were-imbolo-mbue:~:text=HOW%20BEAUTIFUL%20WE%20WERE
INTIMACIES by Katie Kitamura,"https://www.nytimes.com/interactive/2024/books/top-books-list.html#how-beautiful-we-were-imbolo-mbue:~:text=FICTION-,INTIMACIES,-by%20Katie%20Kitamura"
THE LOVE SONGS OF W.E.B. DU BOIS by Honorée Fanonne Jeffers,https://www.nytimes.com/interactive/2024/books/top-books-list.html#how-beautiful-we-were-imbolo-mbue:~:text=THE%20LOVE%20SONGS%20OF%20W.E.B.%20DU%20BOIS
NO ONE IS TALKING ABOUT THIS by Patricia Lockwood,https://www.nytimes.com/interactive/2024/books/top-books-list.html#how-beautiful-we-were-imbolo-mbue:~:text=NO%20ONE%20IS%20TALKING%20ABOUT%20THIS
WHEN WE CEASE TO UNDERSTAND THE WORLD by Benjamín Labatut,https://www.nytimes.com/interactive/2024/books/top-books-list.html#how-beautiful-we-were-imbolo-mbue:~:text=WHEN%20WE%20CEASE%20TO%20UNDERSTAND%20THE%20WORLD
THE COPENHAGEN TRILOGY by Tove Ditlevsen,https://www.nytimes.com/interactive/2024/books/top-books-list.html#how-beautiful-we-were-imbolo-mbue:~:text=THE%20COPENHAGEN%20TRILOGY
"HOW THE WORD IS PASSED by Clint Smith
",https://www.nytimes.com/interactive/2024/books/top-books-list.html#how-beautiful-we-were-imbolo-mbue:~:text=HOW%20THE%20WORD%20IS%20PASSED
INVISIBLE CHILD by Andrea Elliott,"https://www.nytimes.com/interactive/2024/books/top-books-list.html#how-beautiful-we-were-imbolo-mbue:~:text=SOCIOLOGY-,INVISIBLE%20CHILD,-by%20Andrea%20Elliott"
ON JUNETEENTH by Annette Gordon-Reed,"https://www.nytimes.com/interactive/2024/books/top-books-list.html#how-beautiful-we-were-imbolo-mbue:~:text=HISTORY-,ON%20JUNETEENTH,-by%20Annette%20Gordon"
RED COMET by Heather Clark,"https://www.nytimes.com/interactive/2024/books/top-books-list.html#how-beautiful-we-were-imbolo-mbue:~:text=BIOGRAPHY-,RED%20COMET,-by%20Heather%20Clark"
A CHILDREN'S BIBLE: A NOVEL by Lydia Millet,https://www.nytimes.com/interactive/2024/books/top-books-list.html#a-children-s-bible-a-novel-lydia-millet:~:text=A%20CHILDREN%27S%20BIBLE%3A%20A%20NOVEL
DEACON KING KONG by James McBride,"https://www.nytimes.com/interactive/2024/books/top-books-list.html#a-children-s-bible-a-novel-lydia-millet:~:text=FICTION-,DEACON%20KING%20KONG,-by%20James%20McBride"
HAMNET by Maggie O'Farrell,https://www.nytimes.com/2020/07/17/books/review/hamnet-maggie-ofarrell.html
HOMELAND ELEGIES by Ayad Akhtar,"https://www.nytimes.com/interactive/2024/books/top-books-list.html#a-children-s-bible-a-novel-lydia-millet:~:text=FICTION-,HOMELAND%20ELEGIES,-by%20Ayad%20Akhtar"
THE VANISHING HALF by Brit Bennett,"https://www.nytimes.com/interactive/2024/books/top-books-list.html#a-children-s-bible-a-novel-lydia-millet:~:text=FICTION-,THE%20VANISHING%20HALF,-by%20Brit%20Bennett"
HIDDEN VALLEY ROAD by Robert Kolker,"https://www.nytimes.com/interactive/2024/books/top-books-list.html#a-children-s-bible-a-novel-lydia-millet:~:text=SCIENCE-,HIDDEN%20VALLEY%20ROAD,-by%20Robert%20Kolker"
A PROMISED LAND by Barack Obama,"https://www.nytimes.com/interactive/2024/books/top-books-list.html#a-children-s-bible-a-novel-lydia-millet:~:text=MEMOIR-,A%20PROMISED%20LAND,-by%20Barack%20Obama"
SHAKESPEARE IN A DIVIDED AMERICA by James Shapiro,https://www.nytimes.com/interactive/2024/books/top-books-list.html#a-children-s-bible-a-novel-lydia-millet:~:text=SHAKESPEARE%20IN%20A%20DIVIDED%20AMERICA
UNCANNY VALLEY by Anna Wiener,"https://www.nytimes.com/interactive/2024/books/top-books-list.html#a-children-s-bible-a-novel-lydia-millet:~:text=MEMOIR-,UNCANNY%20VALLEY,-by%20Anna%20Wiener"
WAR by Margaret MacMillan,"https://www.nytimes.com/interactive/2024/books/top-books-list.html#a-children-s-bible-a-novel-lydia-millet:~:text=NONFICTION-,WAR,-by%20Margaret%20MacMillan"
DISAPPEARING EARTH by Julia Phillips,"https://www.nytimes.com/interactive/2024/books/top-books-list.html#disappearing-earth-julia-phillips:~:text=FICTION-,DISAPPEARING%20EARTH,-by%20Julia%20Phillips"
EXHALATION by Ted Chiang,"https://www.nytimes.com/interactive/2024/books/top-books-list.html#disappearing-earth-julia-phillips:~:text=SHORT%20STORIES-,EXHALATION,-by%20Ted%20Chiang"
LOST CHILDREN ARCHIVE by Valeria Luisell,https://www.nytimes.com/interactive/2024/books/top-books-list.html#disappearing-earth-julia-phillips:~:text=LOST%20CHILDREN%20ARCHIVE
NIGHT BOAT TO TANGIER by Kevin Barry,https://www.nytimes.com/interactive/2024/books/top-books-list.html#disappearing-earth-julia-phillips:~:text=NIGHT%20BOAT%20TO%20TANGIER
THE TOPEKA SCHOOL by Ben Lerner,"https://www.nytimes.com/interactive/2024/books/top-books-list.html#disappearing-earth-julia-phillips:~:text=FICTION-,THE%20TOPEKA%20SCHOOL,-by%20Ben%20Lerner"
THE CLUB by Leo Damrosch,"https://www.nytimes.com/interactive/2024/books/top-books-list.html#disappearing-earth-julia-phillips:~:text=HISTORY-,THE%20CLUB,-by%20Leo%20Damrosch"
MIDNIGHT IN CHERNOBYL by Adam Higginbotham,https://www.nytimes.com/interactive/2024/books/top-books-list.html#disappearing-earth-julia-phillips:~:text=MIDNIGHT%20IN%20CHERNOBYL
NO VISIBLE BRUISES by Rachel Louise Snyder,"https://www.nytimes.com/interactive/2024/books/top-books-list.html#disappearing-earth-julia-phillips:~:text=SOCIOLOGY-,NO%20VISIBLE%20BRUISES,-by%20Rachel%20Louise"
SAY NOTHING by Patrick Radden Keefe,"https://www.nytimes.com/interactive/2024/books/top-books-list.html#disappearing-earth-julia-phillips:~:text=TRUE%20CRIME-,SAY%20NOTHING,-by%20Patrick%20Radden"
THE YELLOW HOUSE by Sarah M. Broom,"https://www.nytimes.com/interactive/2024/books/top-books-list.html#disappearing-earth-julia-phillips:~:text=MEMOIR-,THE%20YELLOW%20HOUSE,-by%20Sarah%20M"
ASYMMETRY by Lisa Halliday,"https://www.nytimes.com/interactive/2024/books/top-books-list.html#asymmetry-lisa-halliday:~:text=EXPERIMENTAL%20FICTION-,ASYMMETRY,-by%20Lisa%20Halliday"
THE GREAT BELIEVERS by Rebecca Makkai,"https://www.nytimes.com/interactive/2024/books/top-books-list.html#asymmetry-lisa-halliday:~:text=FICTION-,THE%20GREAT%20BELIEVERS,-by%20Rebecca%20Makkai"
THE PERFECT NANNY by Leila Slimani,"https://www.nytimes.com/interactive/2024/books/top-books-list.html#asymmetry-lisa-halliday:~:text=THRILLER-,THE%20PERFECT%20NANNY,-by%20Leila%20Slimani"
THERE THERE by Tommy Orange,"https://www.nytimes.com/interactive/2024/books/top-books-list.html#asymmetry-lisa-halliday:~:text=FICTION-,THERE%20THERE,-by%20Tommy%20Orange"
WASHINGTON BLACK by Esi Edugyan,"https://www.nytimes.com/interactive/2024/books/top-books-list.html#asymmetry-lisa-halliday:~:text=HISTORICAL%20FICTION-,WASHINGTON%20BLACK,-by%20Esi%20Edugyan"
AMERICAN PRISON by Shane Baue,"https://www.nytimes.com/interactive/2024/books/top-books-list.html#asymmetry-lisa-halliday:~:text=INVESTIGATIVE%20REPORTING-,AMERICAN%20PRISON,-by%20Shane%20Bauer"
EDUCATED by Tara Westover,"https://www.nytimes.com/interactive/2024/books/top-books-list.html#asymmetry-lisa-halliday:~:text=MEMOIR-,EDUCATED,-by%20Tara%20Westover"
FREDERICK DOUGLASS by David W. Blight,"https://www.nytimes.com/interactive/2024/books/top-books-list.html#asymmetry-lisa-halliday:~:text=NONFICTION-,FREDERICK%20DOUGLASS,-by%20David%20W"
HOW TO CHANGE YOUR MIND by Michael Pollan,https://www.nytimes.com/interactive/2024/books/top-books-list.html#asymmetry-lisa-halliday:~:text=HOW%20TO%20CHANGE%20YOUR%20MIND
SMALL FRY by Lisa Brennan-Jobs,"https://www.nytimes.com/interactive/2024/books/top-books-list.html#asymmetry-lisa-halliday:~:text=MEMOIR-,SMALL%20FRY,-by%20Lisa%20Brennan"
AUTUMN by Ali Smith,"https://www.nytimes.com/interactive/2024/books/top-books-list.html#autumn-ali-smith:~:text=FICTION-,AUTUMN,-by%20Ali%20Smith"
EXIT WEST by Mohsin Hamid,"https://www.nytimes.com/interactive/2024/books/top-books-list.html#autumn-ali-smith:~:text=EXPERIMENTAL%20FICTION-,EXIT%20WEST,-by%20Mohsin%20Hamid"
PACHINKO by Min Jin Lee,"https://www.nytimes.com/interactive/2024/books/top-books-list.html#autumn-ali-smith:~:text=HISTORICAL%20FICTION-,PACHINKO,-by%20Min%20Jin"
THE POWER by Naomi Alderman,"https://www.nytimes.com/interactive/2024/books/top-books-list.html#autumn-ali-smith:~:text=SPECULATIVE%20FICTION-,THE%20POWER,-by%20Naomi%20Alderman"
"SING, UNBURIED, SING by Jesmyn Ward",https://www.nytimes.com/interactive/2024/books/top-books-list.html#autumn-ali-smith:~:text=SING%2C%20UNBURIED%2C%20SING
THE EVOLUTION OF BEAUTY by Richard O. Prum,https://www.nytimes.com/interactive/2024/books/top-books-list.html#autumn-ali-smith:~:text=THE%20EVOLUTION%20OF%20BEAUTY
GRANT by Ron Chernow,"https://www.nytimes.com/interactive/2024/books/top-books-list.html#autumn-ali-smith:~:text=BIOGRAPHY-,GRANT,-by%20Ron%20Chernow"
LOCKING UP OUR OWN by James Forman Jr,"https://www.nytimes.com/interactive/2024/books/top-books-list.html#autumn-ali-smith:~:text=INVESTIGATIVE%20REPORTING-,LOCKING%20UP%20OUR%20OWN,-by%20James%20Forman"
PRAIRIE FIRES by Caroline Fraser,"https://www.nytimes.com/interactive/2024/books/top-books-list.html#autumn-ali-smith:~:text=BIOGRAPHY-,PRAIRIE%20FIRES,-by%20Caroline%20Fraser"
PRIESTDADDY by Patricia Lockwood,"https://www.nytimes.com/interactive/2024/books/top-books-list.html#autumn-ali-smith:~:text=MEMOIR-,PRIESTDADDY,-by%20Patricia%20Lockwood"
THE ASSOCIATION OF SMALL BOMBS by Karan Mahajan,https://www.nytimes.com/interactive/2024/books/top-books-list.html#the-association-of-small-bombs-karan-mahajan:~:text=THE%20ASSOCIATION%20OF%20SMALL%20BOMBS
THE NORTH WATER by Ian McGuire,"https://www.nytimes.com/interactive/2024/books/top-books-list.html#the-association-of-small-bombs-karan-mahajan:~:text=HISTORICAL%20FICTION-,THE%20NORTH%20WATER,-by%20Ian%20McGuire"
THE UNDERGROUND RAILROAD by Colson Whitehead,https://www.nytimes.com/interactive/2024/books/top-books-list.html#the-association-of-small-bombs-karan-mahajan:~:text=THE%20UNDERGROUND%20RAILROAD
THE VEGETARIAN by Han Kang,"https://www.nytimes.com/interactive/2024/books/top-books-list.html#the-association-of-small-bombs-karan-mahajan:~:text=FICTION-,THE%20VEGETARIAN,-by%20Han%20Kang"
WAR AND TURPENTINE by Stefan Hertmans,"https://www.nytimes.com/interactive/2024/books/top-books-list.html#the-association-of-small-bombs-karan-mahajan:~:text=FICTION-,WAR%20AND%20TURPENTINE,-by%20Stefan%20Hertmans"
AT THE EXISTENTIALIST CAFÉ by Sarah Bakewell,https://www.nytimes.com/interactive/2024/books/top-books-list.html#the-association-of-small-bombs-karan-mahajan:~:text=AT%20THE%20EXISTENTIALIST%20CAF%C3%89
DARK MONEY by Jane Maye,"https://www.nytimes.com/interactive/2024/books/top-books-list.html#the-association-of-small-bombs-karan-mahajan:~:text=INVESTIGATIVE%20REPORTING-,DARK%20MONEY,-by%20Jane%20Mayer"
"EVICTED by Matthew Desmond
","https://www.nytimes.com/interactive/2024/books/top-books-list.html#the-association-of-small-bombs-karan-mahajan:~:text=SOCIOLOGY-,EVICTED,-by%20Matthew%20Desmond"
IN THE DARKROOM by Susan Faludi,"https://www.nytimes.com/interactive/2024/books/top-books-list.html#the-association-of-small-bombs-karan-mahajan:~:text=MEMOIR-,IN%20THE%20DARKROOM,-by%20Susan%20Faludi"
THE RETURN by Hisham Matar,"https://www.nytimes.com/interactive/2024/books/top-books-list.html#the-association-of-small-bombs-karan-mahajan:~:text=MEMOIR-,THE%20RETURN,-by%20Hisham%20Matar"
THE DOOR by Magda Szabo,"https://www.nytimes.com/interactive/2024/books/top-books-list.html#the-door-magda-szabo:~:text=FICTION-,THE%20DOOR,-by%20Magda%20Szabo"
A MANUAL FOR CLEANING WOMEN Lucia Berlin. Edited by Stephen Emerson,https://www.nytimes.com/interactive/2024/books/top-books-list.html#the-door-magda-szabo:~:text=A%20MANUAL%20FOR%20CLEANING%20WOMEN
OUTLINE by Rachel Cusk,"https://www.nytimes.com/interactive/2024/books/top-books-list.html#the-door-magda-szabo:~:text=FICTION-,OUTLINE,-by%20Rachel%20Cusk"
THE SELLOUT by Paul Beatty,"https://www.nytimes.com/interactive/2024/books/top-books-list.html#the-door-magda-szabo:~:text=SATIRE-,THE%20SELLOUT,-by%20Paul%20Beatty"
THE STORY OF THE LOST CHILD by Elena Ferrante,https://www.nytimes.com/interactive/2024/books/top-books-list.html#the-door-magda-szabo:~:text=THE%20STORY%20OF%20THE%20LOST%20CHILD
BETWEEN THE WORLD AND ME by ­Ta-­Nehisi Coates,https://www.nytimes.com/interactive/2024/books/top-books-list.html#the-door-magda-szabo:~:text=BETWEEN%20THE%20WORLD%20AND%20ME
EMPIRE OF COTTON by Sven Beckert,"https://www.nytimes.com/interactive/2024/books/top-books-list.html#the-door-magda-szabo:~:text=HISTORY-,EMPIRE%20OF%20COTTON,-by%20Sven%20Beckert"
H IS FOR HAWK by Helen Macdonald,"https://www.nytimes.com/interactive/2024/books/top-books-list.html#the-door-magda-szabo:~:text=MEMOIR-,H%20IS%20FOR%20HAWK,-by%20Helen%20Macdonald"
THE INVENTION OF NATURE by Andrea Wulf,https://www.nytimes.com/interactive/2024/books/top-books-list.html#the-door-magda-szabo:~:text=THE%20INVENTION%20OF%20NATURE
ONE OF US by Asne Seier­stad,"https://www.nytimes.com/interactive/2024/books/top-books-list.html#the-door-magda-szabo:~:text=NONFICTION-,ONE%20OF%20US,-by%20Asne%20Seier%C2%ADstad"
ALL THE LIGHT WE CANNOT SEE by Anthony Doerr,https://www.nytimes.com/interactive/2024/books/top-books-list.html#all-the-light-we-cannot-see-anthony-doerr:~:text=ALL%20THE%20LIGHT%20WE%20CANNOT%20SEE
DEPT. OF SPECULATION by Jenny Offill,https://www.nytimes.com/interactive/2024/books/top-books-list.html#all-the-light-we-cannot-see-anthony-doerr:~:text=DEPT.%20OF%20SPECULATION
EUPHORIA by Lily King,"https://www.nytimes.com/interactive/2024/books/top-books-list.html#all-the-light-we-cannot-see-anthony-doerr:~:text=HISTORICAL%20FICTION-,EUPHORIA,-by%20Lily%20King"
FAMILY LIFE by Akhil Sharma,"https://www.nytimes.com/interactive/2024/books/top-books-list.html#all-the-light-we-cannot-see-anthony-doerr:~:text=FICTION-,FAMILY%20LIFE,-by%20Akhil%20Sharma"
REDEPLOYMENT by Phil Klay,"https://www.nytimes.com/interactive/2024/books/top-books-list.html#all-the-light-we-cannot-see-anthony-doerr:~:text=SHORT%20STORIES-,REDEPLOYMENT,-by%20Phil%20Klay"
CAN'T WE TALK ABOUT SOMETHING MORE PLEASANT? Written and illustrated by Roz Chast,https://www.nytimes.com/interactive/2024/books/top-books-list.html#all-the-light-we-cannot-see-anthony-doerr:~:text=CAN%27T%20WE%20TALK%20ABOUT%20SOMETHING%20MORE%20PLEASANT%3F
ON IMMUNITY by Eula Biss,"https://www.nytimes.com/interactive/2024/books/top-books-list.html#all-the-light-we-cannot-see-anthony-doerr:~:text=SCIENCE-,ON%20IMMUNITY,-by%20Eula%20Biss"
PENELOPE FITZGERALD by Hermione Lee,"https://www.nytimes.com/interactive/2024/books/top-books-list.html#all-the-light-we-cannot-see-anthony-doerr:~:text=BIOGRAPHY-,PENELOPE%20FITZGERALD,-by%20Hermione%20Lee"
THE SIXTH EXTINCTION by Elizabeth Kolbert,https://www.nytimes.com/interactive/2024/books/top-books-list.html#all-the-light-we-cannot-see-anthony-doerr:~:text=THE%20SIXTH%20EXTINCTION
THIRTEEN DAYS IN SEPTEMBER by Lawrence Wright,https://www.nytimes.com/interactive/2024/books/top-books-list.html#all-the-light-we-cannot-see-anthony-doerr:~:text=THIRTEEN%20DAYS%20IN%20SEPTEMBER
AMERICANAH by Chimamanda Ngozi Adichie,"https://www.nytimes.com/interactive/2024/books/top-books-list.html#americanah-chimamanda-ngozi-adichie:~:text=FICTION-,AMERICANAH,-by%20Chimamanda%20Ngozi"
THE FLAMETHROWERS by Rachel Kushner,"https://www.nytimes.com/interactive/2024/books/top-books-list.html#americanah-chimamanda-ngozi-adichie:~:text=FICTION-,THE%20FLAMETHROWERS,-by%20Rachel%20Kushner"
THE GOLDFINCH by Donna Tartt,"https://www.nytimes.com/interactive/2024/books/top-books-list.html#americanah-chimamanda-ngozi-adichie:~:text=FICTION-,THE%20GOLDFINCH,-by%20Donna%20Tartt"
LIFE AFTER LIFE by Kate Atkinson,"https://www.nytimes.com/interactive/2024/books/top-books-list.html#americanah-chimamanda-ngozi-adichie:~:text=EXPERIMENTAL%20FICTION-,LIFE%20AFTER%20LIFE,-by%20Kate%20Atkinson"
TENTH OF DECEMBER by George Saunders,"https://www.nytimes.com/interactive/2024/books/top-books-list.html#americanah-chimamanda-ngozi-adichie:~:text=SHORT%20STORIES-,TENTH%20OF%20DECEMBER,-by%20George%20Saunders"
AFTER THE MUSIC STOPPED by Alan S. Blinder,https://www.nytimes.com/interactive/2024/books/top-books-list.html#americanah-chimamanda-ngozi-adichie:~:text=AFTER%20THE%20MUSIC%20STOPPED
DAYS OF FIRE by Peter Baker,"https://www.nytimes.com/interactive/2024/books/top-books-list.html#americanah-chimamanda-ngozi-adichie:~:text=HISTORY-,DAYS%20OF%20FIRE,-by%20Peter%20Baker"
FIVE DAYS AT MEMORIAL by Sheri Fink,https://www.nytimes.com/interactive/2024/books/top-books-list.html#americanah-chimamanda-ngozi-adichie:~:text=FIVE%20DAYS%20AT%20MEMORIAL
THE SLEEPWALKERS by Christopher Clark,"https://www.nytimes.com/interactive/2024/books/top-books-list.html#americanah-chimamanda-ngozi-adichie:~:text=HISTORY-,THE%20SLEEPWALKERS,-by%20Christopher%20Clark"
WAVE by Sonali Deraniyagala,"https://www.nytimes.com/interactive/2024/books/top-books-list.html#americanah-chimamanda-ngozi-adichie:~:text=MEMOIR-,WAVE,-by%20Sonali%20Deraniyagala"
BRING UP THE BODIES by Hilary Mantel,"https://www.nytimes.com/interactive/2024/books/top-books-list.html#bring-up-the-bodies-hilary-mantel:~:text=HISTORICAL%20FICTION-,BRING%20UP%20THE%20BODIES,-by%20Hilary%20Mantel"
BUILDING STORIES by Chris Ware,"https://www.nytimes.com/interactive/2024/books/top-books-list.html#bring-up-the-bodies-hilary-mantel:~:text=GRAPHIC%20NOVEL-,BUILDING%20STORIES,-by%20Chris%20Ware"
A HOLOGRAM FOR THE KING by Dave Eggers,https://www.nytimes.com/interactive/2024/books/top-books-list.html#bring-up-the-bodies-hilary-mantel:~:text=A%20HOLOGRAM%20FOR%20THE%20KING
NW by Zadie Smith,"https://www.nytimes.com/interactive/2024/books/top-books-list.html#bring-up-the-bodies-hilary-mantel:~:text=FICTION-,NW,-by%20Zadie%20Smith"
THE YELLOW BIRDS by Kevin Powers,"https://www.nytimes.com/interactive/2024/books/top-books-list.html#bring-up-the-bodies-hilary-mantel:~:text=FICTION-,THE%20YELLOW%20BIRDS,-by%20Kevin%20Powers"
BEHIND THE BEAUTIFUL FOREVERS by Katherine Boo,https://www.nytimes.com/interactive/2024/books/top-books-list.html#bring-up-the-bodies-hilary-mantel:~:text=BEHIND%20THE%20BEAUTIFUL%20FOREVERS
FAR FROM THE TREE by Andrew Solomon,"https://www.nytimes.com/interactive/2024/books/top-books-list.html#bring-up-the-bodies-hilary-mantel:~:text=NARRATIVE%20NONFICTION-,FAR%20FROM%20THE%20TREE,-by%20Andrew%20Solomon"
THE PASSAGE OF POWER by Robert A. Caro,https://www.nytimes.com/interactive/2024/books/top-books-list.html#bring-up-the-bodies-hilary-mantel:~:text=THE%20PASSAGE%20OF%20POWER
THE PATRIARCH by David Nasaw,"https://www.nytimes.com/interactive/2024/books/top-books-list.html#bring-up-the-bodies-hilary-mantel:~:text=HISTORY-,THE%20PATRIARCH,-by%20David%20Nasaw"
WHY DOES THE WORLD EXIST by Jim Holt,https://www.nytimes.com/interactive/2024/books/top-books-list.html#bring-up-the-bodies-hilary-mantel:~:text=WHY%20DOES%20THE%20WORLD%20EXIST
11/22/63 by Stephen King,"https://www.nytimes.com/interactive/2024/books/top-books-list.html#11-22-63-stephen-king:~:text=THRILLER-,11/22/63,-by%20Stephen%20King"
THE ART OF FIELDING by Chad Harbach,"https://www.nytimes.com/interactive/2024/books/top-books-list.html#11-22-63-stephen-king:~:text=FICTION-,THE%20ART%20OF%20FIELDING,-by%20Chad%20Harbach"
SWAMPLANDIA! by Karen Russell,"https://www.nytimes.com/interactive/2024/books/top-books-list.html#11-22-63-stephen-king:~:text=FICTION-,SWAMPLANDIA!,-by%20Karen%20Russell"
TEN THOUSAND SAINTS by Eleanor Henderson,"https://www.nytimes.com/interactive/2024/books/top-books-list.html#11-22-63-stephen-king:~:text=FICTION-,TEN%20THOUSAND%20SAINTS,-by%20Eleanor%20Henderson"
THE TIGER'S WIFE by Téa Obreht,"https://www.nytimes.com/interactive/2024/books/top-books-list.html#11-22-63-stephen-king:~:text=SPECULATIVE%20FICTION-,THE%20TIGER%27S%20WIFE,-by%20T%C3%A9a%20Obreht"
ARGUABLY by Christopher Hitchens,"https://www.nytimes.com/interactive/2024/books/top-books-list.html#11-22-63-stephen-king:~:text=ESSAYS-,ARGUABLY,-by%20Christopher%20Hitchens"
THE BOY IN THE MOON by Ian Brown,"https://www.nytimes.com/interactive/2024/books/top-books-list.html#11-22-63-stephen-king:~:text=MEMOIR-,THE%20BOY%20IN%20THE%20MOON,-by%20Ian%20Brown"
MALCOLM X by Manning Marable,"https://www.nytimes.com/interactive/2024/books/top-books-list.html#11-22-63-stephen-king:~:text=BIOGRAPHY-,MALCOLM%20X,-by%20Manning%20Marable"
"THINKING, FAST AND SLOW by Daniel Kahneman",https://www.nytimes.com/interactive/2024/books/top-books-list.html#11-22-63-stephen-king:~:text=THINKING%2C%20FAST%20AND%20SLOW
A WORLD ON FIRE by Amanda Foreman,"https://www.nytimes.com/interactive/2024/books/top-books-list.html#11-22-63-stephen-king:~:text=HISTORY-,A%20WORLD%20ON%20FIRE,-by%20Amanda%20Foreman"
FREEDOM by Jonathan Franzen,"https://www.nytimes.com/interactive/2024/books/top-books-list.html#freedom-jonathan-franzen:~:text=FICTION-,FREEDOM,-by%20Jonathan%20Franzen"
THE NEW YORKER STORIES by Ann Beattie,https://www.nytimes.com/interactive/2024/books/top-books-list.html#freedom-jonathan-franzen:~:text=THE%20NEW%20YORKER%20STORIES
ROOM by Emma Donoghue,"https://www.nytimes.com/interactive/2024/books/top-books-list.html#freedom-jonathan-franzen:~:text=FICTION-,ROOM,-by%20Emma%20Donoghue"
SELECTED STORIES by William Trevor,"https://www.nytimes.com/interactive/2024/books/top-books-list.html#freedom-jonathan-franzen:~:text=SHORT%20STORIES-,SELECTED%20STORIES,-by%20William%20Trevor"
A VISIT FROM THE GOON SQUAD by Jennifer Egan,https://www.nytimes.com/interactive/2024/books/top-books-list.html#freedom-jonathan-franzen:~:text=A%20VISIT%20FROM%20THE%20GOON%20SQUAD
APOLLO'S ANGELS by Jennifer Homans,"https://www.nytimes.com/interactive/2024/books/top-books-list.html#freedom-jonathan-franzen:~:text=ART-,APOLLO%27S%20ANGELS,-by%20Jennifer%20Homans"
CLEOPATRA by Stacy Schiff,"https://www.nytimes.com/interactive/2024/books/top-books-list.html#freedom-jonathan-franzen:~:text=HISTORY-,CLEOPATRA,-by%20Stacy%20Schiff"
THE EMPEROR OF ALL MALADIES by Siddhartha Mukherjee,https://www.nytimes.com/interactive/2024/books/top-books-list.html#freedom-jonathan-franzen:~:text=THE%20EMPEROR%20OF%20ALL%20MALADIES
FINISHING THE HAT by Stephen Sondheim,"https://www.nytimes.com/interactive/2024/books/top-books-list.html#freedom-jonathan-franzen:~:text=MUSIC-,FINISHING%20THE%20HAT,-by%20Stephen%20Sondheim"
THE WARMTH OF OTHER SUNS by Isabel Wilkerson,https://www.nytimes.com/interactive/2024/books/top-books-list.html#freedom-jonathan-franzen:~:text=THE%20WARMTH%20OF%20OTHER%20SUNS
BOTH WAYS IS THE ONLY WAY I WANT IT by Maile Meloy,https://www.nytimes.com/interactive/2024/books/top-books-list.html#both-ways-is-the-only-way-i-want-it-maile-meloy:~:text=BOTH%20WAYS%20IS%20THE%20ONLY%20WAY%20I%20WANT%20IT
CHRONIC CITY by Jonathan Lethem,"https://www.nytimes.com/interactive/2024/books/top-books-list.html#both-ways-is-the-only-way-i-want-it-maile-meloy:~:text=FICTION-,CHRONIC%20CITY,-by%20Jonathan%20Lethem"
A GATE AT THE STAIRS by Lorrie Moore,https://www.nytimes.com/interactive/2024/books/top-books-list.html#both-ways-is-the-only-way-i-want-it-maile-meloy:~:text=A%20GATE%20AT%20THE%20STAIRS
HALF BROKE HORSES by Jeannette Walls,"https://www.nytimes.com/interactive/2024/books/top-books-list.html#both-ways-is-the-only-way-i-want-it-maile-meloy:~:text=FICTION-,HALF%20BROKE%20HORSES,-by%20Jeannette%20Walls"
A SHORT HISTORY OF WOMEN by Kate Walbert,https://www.nytimes.com/interactive/2024/books/top-books-list.html#both-ways-is-the-only-way-i-want-it-maile-meloy:~:text=A%20SHORT%20HISTORY%20OF%20WOMEN
THE AGE OF WONDER by Richard Holmes,"https://www.nytimes.com/interactive/2024/books/top-books-list.html#both-ways-is-the-only-way-i-want-it-maile-meloy:~:text=HISTORY-,THE%20AGE%20OF%20WONDER,-by%20Richard%20Holmes"
THE GOOD SOLDIERS by David Finkel,"https://www.nytimes.com/interactive/2024/books/top-books-list.html#both-ways-is-the-only-way-i-want-it-maile-meloy:~:text=NONFICTION-,THE%20GOOD%20SOLDIERS,-by%20David%20Finkel"
LIT by Mary Karr,"https://www.nytimes.com/interactive/2024/books/top-books-list.html#both-ways-is-the-only-way-i-want-it-maile-meloy:~:text=MEMOIR-,LIT,-by%20Mary%20Karr"
LORDS OF FINANCE by Liaquat Ahamed,"https://www.nytimes.com/interactive/2024/books/top-books-list.html#both-ways-is-the-only-way-i-want-it-maile-meloy:~:text=HISTORY-,LORDS%20OF%20FINANCE,-by%20Liaquat%20Ahamed"
RAYMOND CARVER by Carol Sklenicka,"https://www.nytimes.com/interactive/2024/books/top-books-list.html#both-ways-is-the-only-way-i-want-it-maile-meloy:~:text=BIOGRAPHY-,RAYMOND%20CARVER,-by%20Carol%20Sklenicka"
2666 by Roberto Bolaño,"https://www.nytimes.com/interactive/2024/books/top-books-list.html#2666-roberto-bola-o:~:text=FICTION-,2666,-by%20Roberto%20Bola%C3%B1o"
DANGEROUS LAUGHTER by Steven Millhauser,"https://www.nytimes.com/interactive/2024/books/top-books-list.html#2666-roberto-bola-o:~:text=SHORT%20STORIES-,DANGEROUS%20LAUGHTER,-by%20Steven%20Millhauser"
A MERCY by Toni Morrison,"https://www.nytimes.com/interactive/2024/books/top-books-list.html#2666-roberto-bola-o:~:text=FICTION-,A%20MERCY,-by%20Toni%20Morrison"
NETHERLAND by Joseph O’Neill,"https://www.nytimes.com/interactive/2024/books/top-books-list.html#2666-roberto-bola-o:~:text=FICTION-,NETHERLAND,-by%20Joseph%20O%E2%80%99Neill"
UNACCUSTOMED EARTH by Jhumpa Lahiri,"https://www.nytimes.com/interactive/2024/books/top-books-list.html#2666-roberto-bola-o:~:text=SHORT%20STORIES-,UNACCUSTOMED%20EARTH,-by%20Jhumpa%20Lahiri"
THE DARK SIDE by Jane Mayer,"https://www.nytimes.com/interactive/2024/books/top-books-list.html#2666-roberto-bola-o:~:text=INVESTIGATIVE%20REPORTING-,THE%20DARK%20SIDE,-by%20Jane%20Mayer"
THE FOREVER WAR by Dexter Filkins,"https://www.nytimes.com/interactive/2024/books/top-books-list.html#2666-roberto-bola-o:~:text=MEDIA-,THE%20FOREVER%20WAR,-by%20Dexter%20Filkins"
NOTHING TO BE FRIGHTENED OF by Julian Barnes,https://www.nytimes.com/interactive/2024/books/top-books-list.html#2666-roberto-bola-o:~:text=NOTHING%20TO%20BE%20FRIGHTENED%20OF
THIS REPUBLIC OF SUFFERING by Drew Gilpin Faust,https://www.nytimes.com/interactive/2024/books/top-books-list.html#2666-roberto-bola-o:~:text=THIS%20REPUBLIC%20OF%20SUFFERING
THE WORLD IS WHAT IT IS by Patrick French,https://www.nytimes.com/interactive/2024/books/top-books-list.html#2666-roberto-bola-o:~:text=THE%20WORLD%20IS%20WHAT%20IT%20IS
MAN GONE DOWN by Michael Thomas,"https://www.nytimes.com/interactive/2024/books/top-books-list.html#man-gone-down-michael-thomas:~:text=FICTION-,MAN%20GONE%20DOWN,-by%20Michael%20Thomas"
OUT STEALING HORSES by Per Petterson,"https://www.nytimes.com/interactive/2024/books/top-books-list.html#man-gone-down-michael-thomas:~:text=FICTION-,OUT%20STEALING%20HORSES,-by%20Per%20Petterson"
THE SAVAGE DETECTIVES by Roberto Bolaño,https://www.nytimes.com/interactive/2024/books/top-books-list.html#man-gone-down-michael-thomas:~:text=THE%20SAVAGE%20DETECTIVES
THEN WE CAME TO THE END by Joshua Ferris,https://www.nytimes.com/interactive/2024/books/top-books-list.html#man-gone-down-michael-thomas:~:text=THEN%20WE%20CAME%20TO%20THE%20END
TREE OF SMOKE by Denis Johnson,"https://www.nytimes.com/interactive/2024/books/top-books-list.html#man-gone-down-michael-thomas:~:text=FICTION-,TREE%20OF%20SMOKE,-by%20Denis%20Johnson"
IMPERIAL LIFE IN THE EMERALD CITY by Rajiv Chandrasekaran,https://www.nytimes.com/interactive/2024/books/top-books-list.html#man-gone-down-michael-thomas:~:text=IMPERIAL%20LIFE%20IN%20THE%20EMERALD%20CITY
LITTLE HEATHENS by Mildred Armstrong Kalish,"https://www.nytimes.com/interactive/2024/books/top-books-list.html#man-gone-down-michael-thomas:~:text=MEMOIR-,LITTLE%20HEATHENS,-by%20Mildred%20Armstrong"
THE NINE by Jeffrey Toobin,"https://www.nytimes.com/interactive/2024/books/top-books-list.html#man-gone-down-michael-thomas:~:text=NARRATIVE%20NONFICTION-,THE%20NINE,-by%20Jeffrey%20Toobin"
THE ORDEAL OF ELIZABETH MARSH by Linda Colley,https://www.nytimes.com/interactive/2024/books/top-books-list.html#man-gone-down-michael-thomas:~:text=THE%20ORDEAL%20OF%20ELIZABETH%20MARSH
THE REST IS NOISE by Alex Ross,"https://www.nytimes.com/interactive/2024/books/top-books-list.html#man-gone-down-michael-thomas:~:text=MUSIC-,THE%20REST%20IS%20NOISE,-by%20Alex%20Ross"
ABSURDISTAN by Gary Shteyngart,"https://www.nytimes.com/interactive/2024/books/top-books-list.html#absurdistan-gary-shteyngart:~:text=FICTION-,ABSURDISTAN,-by%20Gary%20Shteyngart"
THE COLLECTED STORIES OF AMY HEMPEL by Amy Hempel,https://www.nytimes.com/interactive/2024/books/top-books-list.html#absurdistan-gary-shteyngart:~:text=THE%20COLLECTED%20STORIES%20OF%20AMY%20HEMPEL
THE EMPEROR'S CHILDREN by Claire Messud,https://www.nytimes.com/interactive/2024/books/top-books-list.html#absurdistan-gary-shteyngart:~:text=THE%20EMPEROR%27S%20CHILDREN
THE LAY OF THE LAND by Richard Ford,"https://www.nytimes.com/interactive/2024/books/top-books-list.html#absurdistan-gary-shteyngart:~:text=FICTION-,THE%20LAY%20OF%20THE%20LAND,-by%20Richard%20Ford"
SPECIAL TOPICS IN CALAMITY PHYSICS by Marisha Pessl,https://www.nytimes.com/interactive/2024/books/top-books-list.html#absurdistan-gary-shteyngart:~:text=SPECIAL%20TOPICS%20IN%20CALAMITY%20PHYSICS
FALLING THROUGH THE EARTH by Danielle Trussoni,https://www.nytimes.com/interactive/2024/books/top-books-list.html#absurdistan-gary-shteyngart:~:text=FALLING%20THROUGH%20THE%20EARTH
THE LOOMING TOWER by Lawrence Wright,"https://www.nytimes.com/interactive/2024/books/top-books-list.html#absurdistan-gary-shteyngart:~:text=HISTORY-,THE%20LOOMING%20TOWER,-by%20Lawrence%20Wright"
MAYFLOWER by Nathaniel Philbrick,"https://www.nytimes.com/interactive/2024/books/top-books-list.html#absurdistan-gary-shteyngart:~:text=NARRATIVE%20NONFICTION-,MAYFLOWER,-by%20Nathaniel%20Philbrick"
THE OMNIVORE'S DILEMMA by Michael Pollan,https://www.nytimes.com/interactive/2024/books/top-books-list.html#absurdistan-gary-shteyngart:~:text=THE%20OMNIVORE%27S%20DILEMMA
THE PLACES IN BETWEEN by Rory Stewart,https://www.nytimes.com/interactive/2024/books/top-books-list.html#absurdistan-gary-shteyngart:~:text=THE%20PLACES%20IN%20BETWEEN
KAFKA ON THE SHORE by Haruki Murakami,"https://www.nytimes.com/interactive/2024/books/top-books-list.html#kafka-on-the-shore-haruki-murakami:~:text=FICTION-,KAFKA%20ON%20THE%20SHORE,-by%20Haruki%20Murakami"
ON BEAUTY by Zadie Smith,"https://www.nytimes.com/interactive/2024/books/top-books-list.html#kafka-on-the-shore-haruki-murakami:~:text=FICTION-,ON%20BEAUTY,-by%20Zadie%20Smith"
PREP by Curtis Sittenfeld,"https://www.nytimes.com/interactive/2024/books/top-books-list.html#kafka-on-the-shore-haruki-murakami:~:text=FICTION-,PREP,-by%20Curtis%20Sittenfeld"
SATURDAY by Ian McEwan,"https://www.nytimes.com/interactive/2024/books/top-books-list.html#kafka-on-the-shore-haruki-murakami:~:text=FICTION-,SATURDAY,-by%20Ian%20McEwan"
VERONICA by Mary Gaitskill,"https://www.nytimes.com/interactive/2024/books/top-books-list.html#kafka-on-the-shore-haruki-murakami:~:text=FICTION-,VERONICA,-by%20Mary%20Gaitskill"
THE ASSASSINS' GATE by George Packer,"https://www.nytimes.com/interactive/2024/books/top-books-list.html#kafka-on-the-shore-haruki-murakami:~:text=NONFICTION-,THE%20ASSASSINS%27%20GATE,-by%20George%20Packer"
DE KOONING by Mark Stevens and Annalyn Swan,"https://www.nytimes.com/interactive/2024/books/top-books-list.html#kafka-on-the-shore-haruki-murakami:~:text=BIOGRAPHY-,DE%20KOONING,-by%20Mark%20Stevens"
THE LOST PAINTING by Jonathan Harr,"https://www.nytimes.com/interactive/2024/books/top-books-list.html#kafka-on-the-shore-haruki-murakami:~:text=ART-,THE%20LOST%20PAINTING,-by%20Jonathan%20Harr"
POSTWAR by Tony Judt,"https://www.nytimes.com/interactive/2024/books/top-books-list.html#kafka-on-the-shore-haruki-murakami:~:text=HISTORY-,POSTWAR,-by%20Tony%20Judt"
THE YEAR OF MAGICAL THINKING by Joan Didion,https://www.nytimes.com/interactive/2024/books/top-books-list.html#kafka-on-the-shore-haruki-murakami:~:text=THE%20YEAR%20OF%20MAGICAL%20THINKING
GILEAD by Marilynne Robinson,"https://www.nytimes.com/interactive/2024/books/top-books-list.html#gilead-marilynne-robinson:~:text=FICTION-,GILEAD,-by%20Marilynne%20Robinson"
THE MASTER by Colm Toibin,"https://www.nytimes.com/interactive/2024/books/top-books-list.html#gilead-marilynne-robinson:~:text=FICTION-,THE%20MASTER,-by%20Colm%20Toibin"
THE PLOT AGAINST AMERICA by Philip Roth,https://www.nytimes.com/interactive/2024/books/top-books-list.html#gilead-marilynne-robinson:~:text=THE%20PLOT%20AGAINST%20AMERICA
RUNAWAY by Alice Munro,"https://www.nytimes.com/interactive/2024/books/top-books-list.html#gilead-marilynne-robinson:~:text=FICTION-,RUNAWAY,-by%20Alice%20Munro"
SNOW by Orhan Pamuk,"https://www.nytimes.com/interactive/2024/books/top-books-list.html#gilead-marilynne-robinson:~:text=FICTION-,SNOW,-by%20Orhan%20Pamuk"
WAR TRASH by Ha Jin,"https://www.nytimes.com/interactive/2024/books/top-books-list.html#gilead-marilynne-robinson:~:text=FICTION-,SNOW,-by%20Orhan%20Pamuk"
ALEXANDER HAMILTON by Ron Chernow,"https://www.nytimes.com/interactive/2024/books/top-books-list.html#gilead-marilynne-robinson:~:text=BIOGRAPHY-,ALEXANDER%20HAMILTON,-by%20Ron%20Chernow"
CHRONICLES by Bob Dylan,"https://www.nytimes.com/interactive/2024/books/top-books-list.html#gilead-marilynne-robinson:~:text=MEMOIR-,CHRONICLES,-by%20Bob%20Dylan"
WASHINGTON'S CROSSING by David Hackett Fischer,https://www.nytimes.com/interactive/2024/books/top-books-list.html#gilead-marilynne-robinson:~:text=WASHINGTON%27S%20CROSSING
WILL IN THE WORLD by Stephen Greenblatt,"https://www.nytimes.com/interactive/2024/books/top-books-list.html#gilead-marilynne-robinson:~:text=HISTORY-,WILL%20IN%20THE%20WORLD,-by%20Stephen%20Greenblatt"
THE BOUNTY by Caroline Alexander,"https://www.nytimes.com/interactive/2024/books/top-books-list.html#the-bounty-caroline-alexander:~:text=FICTION-,BRICK%20LANE,-by%20Monica%20Ali"
BRICK LANE by Monica Ali,"https://www.nytimes.com/interactive/2024/books/top-books-list.html#the-bounty-caroline-alexander:~:text=FICTION-,BRICK%20LANE,-by%20Monica%20Ali"
DROP CITY by T. Coraghessan Boyle,"https://www.nytimes.com/interactive/2024/books/top-books-list.html#the-bounty-caroline-alexander:~:text=FICTION-,DROP%20CITY,-by%20T.%20Coraghessan"
THE FORTRESS OF SOLITUDE by Jonathan Lethem,https://www.nytimes.com/interactive/2024/books/top-books-list.html#the-bounty-caroline-alexander:~:text=THE%20FORTRESS%20OF%20SOLITUDE
THE KNOWN WORLD by Edward P. Jones,"https://www.nytimes.com/interactive/2024/books/top-books-list.html#the-bounty-caroline-alexander:~:text=FICTION-,THE%20KNOWN%20WORLD,-by%20Edward%20P"
KHRUSHCHEV by William Taubman,"https://www.nytimes.com/interactive/2024/books/top-books-list.html#the-bounty-caroline-alexander:~:text=HISTORY-,KHRUSHCHEV,-by%20William%20Taubman"
LIVING TO TELL THE TALE by Gabriel García Márquez,https://www.nytimes.com/interactive/2024/books/top-books-list.html#the-bounty-caroline-alexander:~:text=LIVING%20TO%20TELL%20THE%20TALE
RANDOM FAMILY by Adrian Nicole LeBlanc,"https://www.nytimes.com/interactive/2024/books/top-books-list.html#the-bounty-caroline-alexander:~:text=INVESTIGATIVE%20REPORTING-,RANDOM%20FAMILY,-by%20Adrian%20Nicole"
SAMUEL PEPYS by Claire Tomalin,"https://www.nytimes.com/interactive/2024/books/top-books-list.html#the-bounty-caroline-alexander:~:text=HISTORY-,SAMUEL%20PEPYS,-by%20Claire%20Tomalin"
ATONEMENT by Ian McEwan,"https://www.nytimes.com/interactive/2024/books/top-books-list.html#atonement-ian-mcewan:~:text=FICTION-,ATONEMENT,-by%20Ian%20McEwan"
MIDDLESEX by Jeffrey Eugenides,"https://www.nytimes.com/interactive/2024/books/top-books-list.html#atonement-ian-mcewan:~:text=FICTION-,MIDDLESEX,-by%20Jeffrey%20Eugenides"
ROSCOE by William Kennedy,"https://www.nytimes.com/interactive/2024/books/top-books-list.html#atonement-ian-mcewan:~:text=FICTION-,ROSCOE,-by%20William%20Kennedy"
ANTHONY BLUNT by Miranda Carter,"https://www.nytimes.com/interactive/2024/books/top-books-list.html#atonement-ian-mcewan:~:text=BIOGRAPHY-,ANTHONY%20BLUNT,-by%20Miranda%20Carter"
BAD BLOOD by Lorna Sage,"https://www.nytimes.com/interactive/2024/books/top-books-list.html#atonement-ian-mcewan:~:text=MEMOIR-,BAD%20BLOOD,-by%20Lorna%20Sage"
PARIS 1919 by Margaret MacMillan,"https://www.nytimes.com/interactive/2024/books/top-books-list.html#atonement-ian-mcewan:~:text=HISTORY-,PARIS%201919,-by%20Margaret%20MacMillan"
SEEING IN THE DARK by Timothy Ferris,"https://www.nytimes.com/interactive/2024/books/top-books-list.html#atonement-ian-mcewan:~:text=SCIENCE-,SEEING%20IN%20THE%20DARK,-by%20Timothy%20Ferris"
AUSTERLITZ by W.G. Sebald,"https://www.nytimes.com/interactive/2024/books/top-books-list.html#austerlitz-w-g-sebald:~:text=FICTION-,AUSTERLITZ,-by%20W.G"
THE CORRECTIONS by Jonathan Franzen,"https://www.nytimes.com/interactive/2024/books/top-books-list.html#austerlitz-w-g-sebald:~:text=FICTION-,THE%20CORRECTIONS,-by%20Jonathan%20Franzen"
"HATESHIP, FRIENDSHIP, COURTSHIP, LOVESHIP, MARRIAGE by Alice Munro",https://www.nytimes.com/interactive/2024/books/top-books-list.html#austerlitz-w-g-sebald:~:text=HATESHIP%2C%20FRIENDSHIP%2C%20COURTSHIP%2C%20LOVESHIP%2C%20MARRIAGE
JOHN HENRY DAYS by Colson Whitehead,"https://www.nytimes.com/interactive/2024/books/top-books-list.html#austerlitz-w-g-sebald:~:text=FICTION-,JOHN%20HENRY%20DAYS,-by%20Colson%20Whitehead"
TRUE HISTORY OF THE KELLY GANG by Peter Carey,https://www.nytimes.com/interactive/2024/books/top-books-list.html#austerlitz-w-g-sebald:~:text=TRUE%20HISTORY%20OF%20THE%20KELLY%20GANG
BORROWED FINERY by Paula Fox,"https://www.nytimes.com/interactive/2024/books/top-books-list.html#austerlitz-w-g-sebald:~:text=MEMOIR-,BORROWED%20FINERY,-by%20Paula%20Fox"
JOHN ADAMS by David McCullough,"https://www.nytimes.com/interactive/2024/books/top-books-list.html#austerlitz-w-g-sebald:~:text=HISTORY-,JOHN%20ADAMS,-by%20David%20McCullough"
THE METAPHYSICAL CLUB by Louis Menand,https://www.nytimes.com/interactive/2024/books/top-books-list.html#austerlitz-w-g-sebald:~:text=THE%20METAPHYSICAL%20CLUB
UNCLE TUNGSTEN by Oliver Sacks,"https://www.nytimes.com/interactive/2024/books/top-books-list.html#austerlitz-w-g-sebald:~:text=MEMOIR-,UNCLE%20TUNGSTEN,-by%20Oliver%20Sacks"
BEING DEAD by Jim Crace,"https://www.nytimes.com/interactive/2024/books/top-books-list.html#being-dead-jim-crace:~:text=FICTION-,BEING%20DEAD,-by%20Jim%20Crace"
BEOWULF: A NEW VERSE TRANSLATION by Seamus Heaney,https://www.nytimes.com/interactive/2024/books/top-books-list.html#beowulf-a-new-verse-translation-seamus-heaney:~:text=BEOWULF%3A%20A%20NEW%20VERSE%20TRANSLATION
GERTRUDE AND CLAUDIUS by John Updike,"https://www.nytimes.com/interactive/2024/books/top-books-list.html#beowulf-a-new-verse-translation-seamus-heaney:~:text=FICTION-,GERTRUDE%20AND%20CLAUDIUS,-by%20John%20Updike"
HUMAN STAIN by Philip Roth,"https://www.nytimes.com/interactive/2024/books/top-books-list.html#beowulf-a-new-verse-translation-seamus-heaney:~:text=FICTION-,HUMAN%20STAIN,-by%20Philip%20Roth"
WHITE TEETH by Zadie Smith,"https://www.nytimes.com/interactive/2024/books/top-books-list.html#beowulf-a-new-verse-translation-seamus-heaney:~:text=FICTION-,WHITE%20TEETH,-by%20Zadie%20Smith"
GENOME by Matt Ridley,"https://www.nytimes.com/interactive/2024/books/top-books-list.html#beowulf-a-new-verse-translation-seamus-heaney:~:text=SCIENCE-,GENOME,-by%20Matt%20Ridley"
A HEARTBREAKING WORK OF STAGGERING GENIUS by Dave Eggers,https://www.nytimes.com/interactive/2024/books/top-books-list.html#beowulf-a-new-verse-translation-seamus-heaney:~:text=A%20HEARTBREAKING%20WORK%20OF%20STAGGERING%20GENIUS
"ONE PALESTINE, COMPLETE by Tom Segev",https://www.nytimes.com/interactive/2024/books/top-books-list.html#beowulf-a-new-verse-translation-seamus-heaney:~:text=ONE%20PALESTINE%2C%20COMPLETE
RIMBAUD by Graham Robb,"https://www.nytimes.com/interactive/2024/books/top-books-list.html#beowulf-a-new-verse-translation-seamus-heaney:~:text=BIOGRAPHY-,RIMBAUD,-by%20Graham%20Robb"
"WAY OUT THERE IN THE BLUE: REAGAN, STAR WARS AND THE END OF THE COLD WAR by Frances FitzGerald",https://www.nytimes.com/interactive/2024/books/top-books-list.html#beowulf-a-new-verse-translation-seamus-heaney:~:text=WAY%20OUT%20THERE%20IN%20THE%20BLUE%3A%20REAGAN%2C%20STAR%20WARS%20AND%20THE%20END%20OF%20THE%20COLD%20WAR